id,ticker,industry,is_core,total_suppliers,total_customers
NVIDIA Corp,NVDA,Semiconductors,true,177,152
Taiwan Semiconductor Manufacturing Co,2330 TT,Semiconductors,true,120,94
ASML Holding NV,ASML NA,Semiconductors,true,13,12
SK hynix Inc,000660 KS,Semiconductors,true,12,15
Wistron Corp,3231 TT,Technology Hardware,true,7,8
Carl Zeiss SMT AG,1701392Z GR,Semiconductors,true,1,3
Nikon Corp,7731 JP,Technology Hardware,true,5,5
Micron Technology Inc,MU,Semiconductors,true,24,21
Teradyne Inc,TER,Semiconductors,true,5,8
Meta Platforms Inc,META,Internet Media & Services,true,12,0
Super Micro Computer Inc,SMCI,Technology Hardware,true,8,4
Ultra Clean Holdings Inc,UCTT,Technology Hardware,true,4,9
SK Inc,034730 KS,Conglomerate / Holding Company,true,5,4
Alphabet Inc,GOOGL,Internet Media & Services,true,0,0
Applied Materials Inc,AMAT,Semiconductors,true,10,6
Tokyo Electron Ltd,8035 JP,Technology Hardware,true,10,7
Amazon.com Inc,AMZN,E-Commerce Discretionary,true,9,2
Lam Research Corp,LRCX,Semiconductors,true,8,6
Microsoft Corp,MSFT,Software,true,12,3
Celestica Inc,CLS CN,Technology Hardware,true,5,15
MKS Inc,MKSI,Semiconductors,true,2,12
Ichor Holdings Ltd,ICHR,Technology Hardware,true,8,3
Dell Technologies Inc,DELL US,Technology Hardware,true,24,23
Wiwynn Corp,6669 TT,Technology Hardware,true,12,4
Oracle Corp,ORCL US,Software,true,24,24
Hon Hai Precision Industry Co,2317 TT,Technology Hardware,false,,
Flex Ltd,FLEX,Technology Hardware,false,,
Fabrinet,FN,Technology Hardware,false,,
ASE Technology Holding Co Ltd,ASX,Semiconductors,false,,
Keysight Technologies Inc,KEYS,Technology Hardware,false,,
Ibiden Co Ltd,4062 JP,Technology Hardware,false,,
Amkor Technology Inc,AMKR,Semiconductors,false,,
Samsung Electronics Co Ltd,005930 KS,Technology Hardware,false,,
King Yuan Electronics Co Ltd,2449 TT,Semiconductors,false,,
Monolithic Power Systems Inc,MPWR,Semiconductors,false,,
Quanta Computer Inc,2382 TT,Technology Hardware,false,,
BYD Co Ltd,002594 CH,Automobiles,false,,
Western Digital Corp,WDC,Technology Hardware,false,,
Jabil Inc,JBL,Technology Hardware,false,,
Intel Corp,INTC,Semiconductors,false,,
Corning Inc,GLW,Technology Hardware,false,,
Coherent Corp,COHR,Semiconductors,false,,
Kinsus Interconnect Technology,3189 TT,Technology Hardware,false,,
Astera Labs Inc,ALAB,Semiconductors,false,,
Tower Semiconductor Ltd,,Semiconductors,false,,
NetApp Inc,,Technology Hardware,false,,
TTM Technologies Inc,,Technology Hardware,false,,
Semtech Corp,,Semiconductors,false,,
ARM Holdings PLC,,Semiconductors,false,,
Alibaba Group Holding Ltd,,E-Commerce Discretionary,false,,
Yageo Corp,,Electronic Components,false,,
ON Semiconductor Corp,,Semiconductors,false,,
Vishay Intertechnology Inc,,Electronic Components,false,,
LEENO Industrial Inc,,Technology Hardware,false,,
Infosys Ltd,,IT Services,false,,
Cohu Inc,,Semiconductors,false,,
BE Semiconductor Industries NV,,Semiconductors,false,,
Nutanix Inc,,Software,false,,
ISC Co Ltd,,Technology Hardware,false,,
Adobe Inc,,Software,false,,
TSE Co Ltd,,Technology Hardware,false,,
Diodes Inc,,Semiconductors,false,,
Suzhou UIGreen Micro&Nano Tech,,Semiconductors,false,,
Clariant AG,,Chemicals,false,,
SOITEC,,Semiconductors,false,,
Alpha & Omega Semiconductor Ltd,,Semiconductors,false,,
UPI Semiconductor Corp,,Semiconductors,false,,
Dolby Laboratories Inc,,Software,false,,
Duksan Hi-Metal Co Ltd,,Chemicals,false,,
Calnex Solutions PLC,,Technology Hardware,false,,
inTEST Corp,,Semiconductors,false,,
Luminar Technologies Inc,,Automotive Parts,false,,
Bango PLC,,Software,false,,
Skardin Industrial Corp,,Technology Hardware,false,,
PDF Solutions Inc,,Software,false,,
LianChuang Electronic Technolo,,Electronic Components,false,,
TaiSol Electronics Co Ltd,,Technology Hardware,false,,
Precise Biometrics AB,,Software,false,,
NBTM New Materials Group Co Ltd,,Chemicals,false,,
Siltronic AG,,Semiconductors,false,,
Taiwan Semiconductor Co Ltd,,Semiconductors,false,,
Altium Ltd,,Software,false,,
Himax Technologies Inc,,Semiconductors,false,,
ADATA Technology Co Ltd,,Technology Hardware,false,,
Chenbro Micom Co Ltd,,Technology Hardware,false,,
ON24 Inc,,Software,false,,
AT&S Austria Technologie & Sys,,Technology Hardware,false,,
Renesas Electronics Corp,,Semiconductors,false,,
Equinix Inc,,Real Estate,false,,
Wieson Technologies Co Ltd,,Electronic Components,false,,
Chenming Electronic Technology,,Technology Hardware,false,,
MPI Corp,,Semiconductors,false,,
u-blox Holding AG,,Semiconductors,false,,
MediaTek Inc,,Semiconductors,false,,
Thine Electronics Inc,,Semiconductors,false,,
Qnity Electronics Inc,,Chemicals,false,,
InnoScience Suzhou Technology,,Semiconductors,false,,
Sandisk Corp/DE,,Semiconductors,false,,
TechTarget Inc,,Internet Media & Services,false,,
Compa Technologies Inc,,Technology Hardware,false,,
Hesai Group,,Automotive Parts,false,,
Jacobs Solutions Inc,,Engineering & Construction,false,,
Quera Computing Inc,,Technology Hardware,false,,
Informatica Inc,,Software,false,,
Juneway Electronic Technology,,Electronic Components,false,,
Rootly Inc,,Software,false,,
CoreWeave Inc,,IT Services,false,,
Beijing 51World Digital Twin T,,Software,false,,
Shenzhen Edadoc Technology Co,,Software,false,,
IonQ Inc,,Technology Hardware,false,,
Siemens Energy AG,,Electrical Equipment,false,,
SENKO Co Ltd/Korea,,Logistics,false,,
Mindspace Business Parks REIT,,Real Estate,false,,
Shenzhen Qiangrui Precision Te,,Technology Hardware,false,,
Pensana PLC,,Metals & Mining,false,,
HPC Systems Inc,,Technology Hardware,false,,
Seeqc Inc,,Technology Hardware,false,,
Grid Dynamics Holdings Inc,,IT Services,false,,
Vertiv Holdings Co,,Electrical Equipment,false,,
Converge Technology Solutions,,IT Services,false,,
Quectel Wireless Solutions Co,,Technology Hardware,false,,
Magic Media Works Ltd,,Internet Media & Services,false,,
Arbe Robotics Ltd,,Automotive Parts,false,,
RoboTechnik Intelligent Techno,,Industrial Machinery,false,,
Groq Inc,,Semiconductors,false,,
Gitlab Inc,,Software,false,,
Senko Advanced Components Inc,,Electronic Components,false,,
Ascential Ltd,,Internet Media & Services,false,,
Verisk Maplecroft,,Software,false,,
Skydio Inc,,Technology Hardware,false,,
Shenzhen Wote Advanced Materia,,Chemicals,false,,
Veritone Inc,,Software,false,,
Snowflake Inc,,Software,false,,
Lumentum Holdings Inc,,Semiconductors,false,,
Suzhou TFC Optical Communicati,,Electronic Components,false,,
Quick Intelligent Equipment Co,,Industrial Machinery,false,,
JFrog Ltd,,Software,false,,
Sempra,,Utilities,false,,
Unimicron Technology Corp,,Technology Hardware,false,,
Amdocs Ltd,,Software,false,,
BlackBerry Ltd,,Software,false,,
Power Integrations Inc,,Semiconductors,false,,
Stripe LLC,,Software,false,,
Mirantis Inc,,Software,false,,
Forescout Technologies Inc,,Software,false,,
Asia Plastic Recycling Holding,,Chemicals,false,,
Jiujiang Defu Technology Co Lt,,Electronic Components,false,,
Sichuan EM Technology Co Ltd,,Electronic Components,false,,
Coveo Solutions Inc,,Software,false,,
Omni Logistics LLC /Texas,,Logistics,false,,
Aehr Test Systems,,Semiconductors,false,,
Appro Photoelectron Inc,,Electronic Components,false,,
Browave Corp,,Electronic Components,false,,
Business-intelligence of Orien,,Software,false,,
Esker SA,,Software,false,,
Shenzhen Megmeet Electrical Co,,Electrical Equipment,false,,
Rambus Inc,,Semiconductors,false,,
Shenzhen AOTO Electronics Co L,,Technology Hardware,false,,
Rockwell Automation Inc,,Industrial Machinery,false,,
Suzhou Jinfu Technology Co Ltd,,Technology Hardware,false,,
Universal Scientific Industria,,Technology Hardware,false,,
Chroma ATE Inc,,Semiconductors,false,,
Ningbo Tuopu Group Co Ltd,,Automotive Parts,false,,
Gudeng Precision Industrial Co,,Semiconductors,false,,
Check Point Software Technolog,,Software,false,,
ANSYS Inc,,Software,false,,
Bharti Airtel Ltd,,Telecommunications,false,,
Arista Networks Inc,,Technology Hardware,false,,
SoftBank Group Corp,,Conglomerate / Holding Company,false,,
TD SYNNEX Corp,,Technology Distribution,false,,
Vmware LLC,,Software,false,,
Cyberlink Corp,,Software,false,,
NCSoft Corp,,Software,false,,
Singapore Telecommunications L,,Telecommunications,false,,
Hexagon AB,,Industrial Machinery,false,,
CDW Corp/DE,,Technology Distribution,false,,
Sunny Optical Technology Group,,Electronic Components,false,,
SAP SE,,Software,false,,
FUCHS SE,,Chemicals,false,,
Keppel Ltd,,Conglomerate / Holding Company,false,,
Siemens AG,,Conglomerate / Holding Company,false,,
Schneider Electric SE,,Electrical Equipment,false,,
Publicis Groupe SA,,Advertising & Marketing,false,,
Sumitomo Electric Industries L,,Electronic Components,false,,
Sumitomo Corp,,Conglomerate / Holding Company,false,,
Lotes Co Ltd,,Electronic Components,false,,
Mori Hills REIT Investment Cor,,Real Estate,false,,
Synopsys Inc,,Semiconductors,false,,
KLA Corp,,Semiconductors,false,,
Edison International,,Utilities,false,,
PG&E Corp,,Utilities,false,,
Lumen Technologies Inc,,Telecommunications,false,,
Cadence Design Systems Inc,,Semiconductors,false,,
Analog Devices Inc,,Semiconductors,false,,
Foxconn Industrial Internet Co,601138 CH,Technology Hardware,false,,
Lenovo Group Ltd,0992 HK,Technology Hardware,false,,
Asustek Computer Inc,2357 TT,Technology Hardware,false,,
Gigabyte Technology Co Ltd,2376 TT,Technology Hardware,false,,
IEIT Systems Co Ltd,300308 CH,Technology Hardware,false,,
Avnet Inc,AVT,Technology Distribution,false,,
Hewlett Packard Enterprise Co,HPE,Technology Hardware,false,,
Cisco Systems Inc,CSCO,Technology Hardware,false,,
HP Inc,HPQ,Technology Hardware,false,,
Tesla Inc,TSLA,Automobiles,false,,
JD.com Inc,JD,E-Commerce Discretionary,false,,
Best Buy Co Inc,BBY,Retail,false,,
Juniper Networks Inc,JNPR,Technology Hardware,false,,
Tencent Holdings Ltd,0700 HK,Internet Media & Services,false,,
Nintendo Co Ltd,7974 JP,Entertainment Content,false,,
Nebius Group NV,NBIS,IT Services,false,,
Atos SE,,IT Services,false,,
Hyundai Motor Co,,Automobiles,false,,
Acer Inc,,Technology Hardware,false,,
International Business Machines,,IT Services,false,,
KION Group AG,,Industrial Machinery,false,,
Mercedes-Benz Group AG,,Automobiles,false,,
Computacenter PLC,,Technology Distribution,false,,
Micro-Star International Co Lt,,Technology Hardware,false,,
Deere & Co,,Industrial Machinery,false,,
Sony Group Corp,,Conglomerate / Holding Company,false,,
Expedia Group Inc,,Internet Media & Services,false,,
LG Electronics Inc,,Technology Hardware,false,,
Inventec Corp,,Technology Hardware,false,,
Komatsu Ltd,,Industrial Machinery,false,,
Macnica Holdings Inc,,Technology Distribution,false,,
Mitac Holdings Corp,,Technology Hardware,false,,
Baidu Inc,,Internet Media & Services,false,,
Traton SE,,Automobiles,false,,
Robert Bosch GmbH,,Automotive Parts,false,,
Insight Enterprises Inc,,Technology Distribution,false,,
Fujitsu Ltd,,IT Services,false,,
Salesforce Inc,,Software,false,,
Arrow Electronics Inc,,Technology Distribution,false,,
Volvo Car AB,,Automobiles,false,,
Advantech Co Ltd,,Technology Hardware,false,,
Volvo AB,,Automobiles,false,,
iFlytek Co Ltd,,Software,false,,
Tata Motors Passenger Vehicles,,Automobiles,false,,
ePlus Inc,,Technology Distribution,false,,
DiDi Global Inc,,Internet Media & Services,false,,
Pegatron Corp,,Technology Hardware,false,,
Denso Corp,,Automotive Parts,false,,
eBay Inc,,E-Commerce Discretionary,false,,
Taiwan Mobile Co Ltd,,Telecommunications,false,,
Casino Guichard Perrachon SA,,Retail,false,,
Broadcom Inc,,Semiconductors,false,,
CECONOMY AG,,Retail,false,,
Corsair Gaming Inc,,Technology Hardware,false,,
Fortinet Inc,,Software,false,,
Li Auto Inc,,Automobiles,false,,
ScanSource Inc,,Technology Distribution,false,,
NAVER Corp,,Internet Media & Services,false,,
Snap Inc,,Internet Media & Services,false,,
Dassault Systemes SE,,Software,false,,
Adlink Technology Inc,,Technology Hardware,false,,
PC Connection Inc,,Technology Distribution,false,,
NIO Inc,,Automobiles,false,,
XPeng Inc,,Automobiles,false,,
Autodesk Inc,,Software,false,,
Hella GmbH & Co KGaA,,Automotive Parts,false,,
PACCAR Inc,,Automobiles,false,,
Criteo SA,,Advertising & Marketing,false,,
Polestar Automotive Holding UK,,Automobiles,false,,
ASROCK Inc,,Technology Hardware,false,,
Valeo SE,,Automotive Parts,false,,
Lucid Group Inc,,Automobiles,false,,
Ban Leong Technologies Ltd,,Technology Distribution,false,,
Leadtek Research Inc,,Technology Hardware,false,,
ZF Friedrichshafen AG,,Automotive Parts,false,,
Pinterest Inc,,Internet Media & Services,false,,
EXEO Group Inc,,Engineering & Construction,false,,
Schrodinger Inc/United States,,Software,false,,
Clevo Co,,Technology Hardware,false,,
MDS Tech Inc,,Technology Distribution,false,,
Tatung System Technologies Inc,,IT Services,false,,
Chaintech Technology Corp,,Technology Hardware,false,,
CreateAI Holdings Inc,,Software,false,,
Zenrin Co Ltd,,Software,false,,
Jetway Information Co Ltd,,Technology Hardware,false,,
Faraday Future Intelligent Ele,,Automobiles,false,,
TomTom NV,,Software,false,,
Daiichi Sankyo Co Ltd,,Pharmaceuticals,false,,
HCL Technologies Ltd,,IT Services,false,,
Seven & i Holdings Co Ltd,,Retail,false,,
Osaka University,,Education / Research,false,,
Eurotech SpA,,Technology Hardware,false,,
Oxford Nanopore Technologies P,,Life Sciences Tools,false,,
Los Alamos National Laboratory,,Government / Research,false,,
Nasdaq Inc,,Financial Services,false,,
United States Department of En,,Government / Research,false,,
DOD United States Army,,Government / Research,false,,
Worley Ltd,,Engineering & Construction,false,,
Washington University/The,,Education / Research,false,,
United States Postal Service,,Government / Research,false,,
University of Stuttgart,,Education / Research,false,,
University of California Berke,,Education / Research,false,,
University of California Los A,,Education / Research,false,,
University of Bristol,,Education / Research,false,,
United Nations Organization,,Government / Research,false,,
One Stop Systems Inc,,Technology Hardware,false,,
Trend Micro Inc,,Software,false,,
Tokyo Electron Device Ltd,,Technology Distribution,false,,
Tata Sons Pvt Ltd,,Conglomerate / Holding Company,false,,
Stanford University School of,,Education / Research,false,,
Southern Methodist University,,Education / Research,false,,
Sierra Technologies Inc,,Technology Hardware,false,,
Sequoia Capital Operations LLC,,Financial Services,false,,
Seoul National University,,Education / Research,false,,
Saudi Arabian Oil Co,,Oil & Gas,false,,
National Health Service,,Government / Research,false,,
Shih Chien University,,Education / Research,false,,
Partners Group Holding AG,,Financial Services,false,,
Oak Ridge National Laboratory,,Government / Research,false,,
National Chiao Tung University,,Education / Research,false,,
National Cheng Kung University,,Education / Research,false,,
Winmate Inc,,Technology Hardware,false,,
Massachusetts Institute of Tec,,Education / Research,false,,
Major League Baseball Blue Inc,,Entertainment Content,false,,
Lotus Group International Ltd,,Conglomerate / Holding Company,false,,
Advantest Corp,6857 JP,Semiconductors,false,,
SCREEN Holdings Co Ltd,7735 JP,Semiconductors,false,,
Daifuku Co Ltd,6383 JP,Industrial Machinery,false,,
Shin-Etsu Chemical Co Ltd,4063 JP,Chemicals,false,,
Lasertec Corp,6920 JP,Semiconductors,false,,
Tokyo Ohka Kogyo Co Ltd,4186 JP,Chemicals,false,,
Entegris Inc,ENTG,Chemicals,false,,
AGC Inc,5201 JP,Chemicals,false,,
BASF SE,BAS GY,Chemicals,false,,
Air Liquide SA,AI FP,Chemicals,false,,
Kokusai Electric Corp,,Semiconductors,false,,
Onto Innovation Inc,ONTO,Semiconductors,false,,
Disco Corp,6146 JP,Semiconductors,false,,
Toray Industries Inc,3402 JP,Chemicals,false,,
Nova Ltd,NVMI,Semiconductors,false,,
Canon Inc,,Technology Hardware,false,,
XinTec Inc,,Semiconductors,false,,
Organo Corp,,Industrial Machinery,false,,
SUMCO Corp,,Semiconductors,false,,
Kedge Construction Co Ltd,,Engineering & Construction,false,,
Atlas Copco AB,,Industrial Machinery,false,,
Rorze Corp,,Semiconductors,false,,
Ebara Corp,,Industrial Machinery,false,,
Systems on Silicon Manufactu,,Semiconductors,false,,
Formosa Sumco Technology Corp,,Semiconductors,false,,
Shibaura Mechatronics Corp,,Semiconductors,false,,
3M Co,,Conglomerate / Holding Company,false,,
Veeco Instruments Inc,,Semiconductors,false,,
Samsung Electro-Mechanics Co L,,Electronic Components,false,,
FormFactor Inc,,Semiconductors,false,,
RS Technologies Co Ltd,,Semiconductors,false,,
Fujimi Inc,,Chemicals,false,,
Camtek Ltd/Israel,,Semiconductors,false,,
Ulvac Inc,,Semiconductors,false,,
Scientech Corp,,Semiconductors,false,,
Axcelis Technologies Inc,,Semiconductors,false,,
Tung Ho Steel Enterprise Corp,,Metals & Mining,false,,
Wonik QnC Corp,,Semiconductors,false,,
Mitsubishi Gas Chemical Co Inc,,Chemicals,false,,
Solvay SA,,Chemicals,false,,
Rasa Industries Ltd,,Chemicals,false,,
Allis Electric Co Ltd,,Electrical Equipment,false,,
Materion Corp,,Chemicals,false,,
Worldex Industry & Trading Co,,Chemicals,false,,
Japan Material Co Ltd,,Semiconductors,false,,
Vanguard International Semicon,,Semiconductors,false,,
Tazmo Co Ltd,,Semiconductors,false,,
S&S Tech Corp,,Semiconductors,false,,
Advanced Energy Industries Inc,,Semiconductors,false,,
Hansol Chemical Co Ltd,,Chemicals,false,,
Wonik Materials Co Ltd,,Chemicals,false,,
DuPont de Nemours Inc,,Chemicals,false,,
Global Unichip Corp,,Semiconductors,false,,
Hirata Corp,,Semiconductors,false,,
KoMiCo Ltd,,Semiconductors,false,,
HORNG TERNG AUTOMATION CO LTD,,Semiconductors,false,,
VAT Group AG,,Industrial Machinery,false,,
Global Standard Technology Co,,Semiconductors,false,,
DNF Co Ltd,,Chemicals,false,,
Chang Chun Petrochemical Co Lt,,Chemicals,false,,
Wholetech System Hitech Ltd,,Semiconductors,false,,
Progate Group Corp,,Technology Hardware,false,,
Kinik Co,,Semiconductors,false,,
Wonik Holdings Co Ltd,,Conglomerate / Holding Company,false,,
Jetwell Computer Corp,,Technology Distribution,false,,
Chen Full International Co Ltd,,Semiconductors,false,,
ABB Ltd,,Electrical Equipment,false,,
SK Materials Co Ltd,,Chemicals,false,,
Good Will Instrument Co Ltd,,Semiconductors,false,,
Chien Kuo Construction Co Ltd,,Engineering & Construction,false,,
Shuangliang Eco-Energy Systems,,Industrial Machinery,false,,
Feedback Technology Corp,,Technology Hardware,false,,
P-Duke Technology Co Ltd,,Electrical Equipment,false,,
JX Advanced Metals Corp,,Metals & Mining,false,,
San Fu Chemical Co Ltd,,Chemicals,false,,
Genesis Technology Inc/Taiwan,,Semiconductors,false,,
Lumax International Corp Ltd,,Technology Distribution,false,,
Marketech International Corp,,Semiconductors,false,,
CTCI Advanced Systems Inc,,IT Services,false,,
All Ring Tech Co Ltd,,Semiconductors,false,,
L&K Engineering Co Ltd,,Engineering & Construction,false,,
MiCo Ltd,,Semiconductors,false,,
Linde PLC,,Chemicals,false,,
Cica-Huntek Chemical Technolog,,Chemicals,false,,
KANTO-PPC Inc,,Technology Hardware,false,,
Peric Special Gases Co Ltd,,Chemicals,false,,
Exyte Taiwan Co Ltd,,Engineering & Construction,false,,
Gaonchips Co Ltd,,Semiconductors,false,,
BCnC Co Ltd,,Semiconductors,false,,
TXOne Networks Inc,,Software,false,,
Lianyou Metals Co Ltd,,Metals & Mining,false,,
Alphawave IP Group PLC,,Semiconductors,false,,
EVERGREEN Steel Corp,,Metals & Mining,false,,
Hubei Sinophorus Electronic Ma,,Chemicals,false,,
Kingsemi Co Ltd,,Semiconductors,false,,
JG Environmental Technology Co,,Industrial Machinery,false,,
Ventec International Group Co,,Technology Hardware,false,,
Grandit Co Ltd,,Semiconductors,false,,
Apple Inc,AAPL,Technology Hardware,false,,
Advanced Micro Devices Inc,AMD,Semiconductors,false,,
QUALCOMM Inc,QCOM,Semiconductors,false,,
Marvell Technology Inc,MRVL,Semiconductors,false,,
Infineon Technologies AG,IFX GY,Semiconductors,false,,
STMicroelectronics NV,STM,Semiconductors,false,,
NXP Semiconductors NV,NXPI,Semiconductors,false,,
Texas Instruments Inc,TXN,Semiconductors,false,,
OmniVision Integrated Circuits,,Semiconductors,false,,
ams-OSRAM AG,AMS SW,Semiconductors,false,,
Cirrus Logic Inc,CRUS,Semiconductors,false,,
Alchip Technologies Ltd,3661 TT,Semiconductors,false,,
Mobileye Global Inc,MBLY,Semiconductors,false,,
Smartsens Technology Shanghai,,Semiconductors,false,,
GigaDevice Semiconductor Inc,,Semiconductors,false,,
Silicon Motion Technology Corp,,Semiconductors,false,,
Credo Technology Group Holding,,Semiconductors,false,,
Allegro MicroSystems Inc,,Semiconductors,false,,
Raydium Semiconductor Corp,,Semiconductors,false,,
Sitronix Technology Corp,,Semiconductors,false,,
Cambricon Technologies Corp Lt,,Semiconductors,false,,
LX Semicon Co Ltd,,Semiconductors,false,,
Phison Electronics Corp,,Semiconductors,false,,
NavInfo Co Ltd,,Software,false,,
SG Micro Corp,,Semiconductors,false,,
ASR Microelectronics Co Ltd,,Semiconductors,false,,
Silicon Laboratories Inc,,Semiconductors,false,,
Bestechnic Shanghai Co Ltd,,Semiconductors,false,,
Shenzhen Goodix Technology Co,,Semiconductors,false,,
Southchip Semiconductor Techno,,Semiconductors,false,,
FocalTech Systems Co Ltd,,Semiconductors,false,,
Socionext Inc,,Semiconductors,false,,
Shanghai Awinic Technology Co,,Semiconductors,false,,
Netronix Inc,,Technology Hardware,false,,
MaxLinear Inc,,Semiconductors,false,,
SiTime Corp,,Semiconductors,false,,
Via Technologies Inc,,Semiconductors,false,,
Lattice Semiconductor Corp,,Semiconductors,false,,
Impinj Inc,,Semiconductors,false,,
Vanchip Tianjin Technology Co,,Semiconductors,false,,
Ambarella Inc,,Semiconductors,false,,
Shenzhen Injoinic Technology C,,Semiconductors,false,,
EverProX Technologies Co Ltd,,Semiconductors,false,,
indie Semiconductor Inc,,Semiconductors,false,,
Ingenic Semiconductor Co Ltd,,Semiconductors,false,,
Shanghai Fullhan Microelectron,,Semiconductors,false,,
Nordic Semiconductor ASA,,Semiconductors,false,,
Sunplus Technology Co Ltd,,Semiconductors,false,,
ASPEED Technology Inc,,Semiconductors,false,,
Halo Microelectronics Co Ltd,,Semiconductors,false,,
Alcor Micro Corp/Taiwan,,Semiconductors,false,,
Qingdao Eastsoft Communication,,Semiconductors,false,,
Lantronix Inc,,Technology Hardware,false,,
Holtek Semiconductor Inc,,Semiconductors,false,,
Sonix Technology Co Ltd,,Semiconductors,false,,
Silicon Optronics Inc,,Semiconductors,false,,
Fortior Technology Shenzhen Co,,Semiconductors,false,,
Qingdao Topscomm Communication,,Semiconductors,false,,
Everspin Technologies Inc,,Semiconductors,false,,
Advanced Analog Technology Inc,,Semiconductors,false,,
Macroblock Inc,,Semiconductors,false,,
Anapass Inc,,Semiconductors,false,,
Butterfly Network Inc,,Medical Devices,false,,
IC Plus Corp,,Semiconductors,false,,
Navitas Semiconductor Corp,,Semiconductors,false,,
Aeva Technologies Inc,,Automotive Parts,false,,
GSI Technology Inc,,Semiconductors,false,,
Prolific Technology Inc,,Semiconductors,false,,
Jiangsu Yitong High-Tech Co Lt,,Semiconductors,false,,
RDC Semiconductor Co Ltd,,Semiconductors,false,,
VisEra Technologies Co Ltd,,Semiconductors,false,,
Princeton Technology Corp,,Semiconductors,false,,
Sequans Communications SA,,Semiconductors,false,,
Fortune Information Systems Co,,IT Services,false,,
Benchmark Electronics Inc,BHE,Technology Hardware,false,,
Enpro Inc,NPO,Industrial Machinery,false,,
Sinbon Electronics Co Ltd,3023 TT,Electronic Components,false,,
Alten SA,ATE FP,IT Services,false,,
Semiconductor Manufacturing In,,Semiconductors,false,,
United Microelectronics Corp,2303 TT,Semiconductors,false,,
Hua Hong Semiconductor Ltd,,Semiconductors,false,,
GLOBALFOUNDRIES Inc,GFS,Semiconductors,false,,
Nanya Technology Corp,2408 TT,Semiconductors,false,,
SK ecoplant Co Ltd,,Engineering & Construction,false,,
Hana Micron Inc,,Semiconductors,false,,
Wuxi Taiji Industry Ltd Co,,Industrial Machinery,false,,
Chart Industries Inc,GTLS,Industrial Machinery,false,,
Xiaomi Corp,1810 HK,Technology Hardware,false,,
Guangdong Ellington Electronic,,Electronic Components,false,,
Konica Minolta Inc,,Technology Hardware,false,,
Restar Corp,,Technology Distribution,false,,
Dick's Sporting Goods Inc,DKS,Retail,false,,
Powertech Technology Inc,6239 TT,Semiconductors,false,,
SIMMTECH HOLDINGS Co Ltd,,Semiconductors,false,,
ChipMOS Technologies Inc,,Semiconductors,false,,
Hiroshima Gas Co Ltd,,Utilities,false,,
Hangzhou Chang Chuan Technolog,,Semiconductors,false,,
Micronics Japan Co Ltd,,Semiconductors,false,,
SIMMTECH Co Ltd,,Semiconductors,false,,
Japan Electronic Materials Cor,,Semiconductors,false,,
WPG Holdings Ltd,,Technology Distribution,false,,
RYODEN CORP,,Technology Distribution,false,,
Sanmina Corp,SANM,Technology Hardware,false,,
WT Microelectronics Co Ltd,,Technology Distribution,false,,
GoerTek Inc,,Electronic Components,false,,
Acton Technology Corp,,Electronic Components,false,,
Seagate Technology Holdings PL,STX,Technology Hardware,false,,
International Business Machine,IBM,IT Services,false,,
Affle 3i Ltd,,Advertising & Marketing,false,,
Mapletree Industrial Trust,,Real Estate,false,,
PPL Corp,,Utilities,false,,
Nokia Oyj,NOK,Technology Hardware,false,,
Saudi Basic Industries Corp,,Chemicals,false,,
SMCore Inc,,Semiconductors,false,,
Sumitomo Chemical Co Ltd,,Chemicals,false,,
SK Telecom Co Ltd,,Telecommunications,false,,
DB HiTek Co Ltd,,Semiconductors,false,,
BOE Technology Group Co Ltd,,Technology Hardware,false,,
Daihen Corp,,Electrical Equipment,false,,
Resonac Holdings Corp,,Chemicals,false,,
Naigai Tec Corp,,Semiconductors,false,,
Hana Materials Inc,,Semiconductors,false,,
Tocalo Co Ltd,,Chemicals,false,,
United Parcel Service Inc,UPS,Logistics,false,,
Ferrotec Corp,,Semiconductors,false,,
Kioxia Holdings Corp,,Semiconductors,false,,
Firan Technology Group Corp,,Technology Hardware,false,,
Loyalty Founder Enterprise Co,,Technology Distribution,false,,
Honeywell International Inc,HON,Aerospace & Defense,false,,
Medtronic PLC,MDT,Medical Devices,false,,
Boeing Co/The,BA,Aerospace & Defense,false,,
nLight Inc,LASR,Semiconductors,false,,
Emera Inc,,Utilities,false,,
Custodian Property Income Reit,,Real Estate,false,,
Portland General Electric Co,,Utilities,false,,
Xcel Energy Inc,,Utilities,false,,
Fortis Inc/Canada,,Utilities,false,,
Duke Energy Corp,DUK,Utilities,false,,
Berkshire Hathaway Inc,BRK/A,Financial Services,false,,
Compal Electronics Inc,,Technology Hardware,false,,
Delta Electronics Inc,,Electrical Equipment,false,,
TCL Technology Group Corp,,Technology Hardware,false,,
Luxshare Precision Industry Co,,Electronic Components,false,,
Innolux Corp,,Technology Hardware,false,,
Qisda Corp,,Technology Hardware,false,,
Redington Ltd,,Technology Distribution,false,,
Walmart Inc,WMT,Retail,false,,
Leidos Holdings Inc,,IT Services,false,,
ALSO Holding AG,,Technology Distribution,false,,
ServiceNow Inc,NOW,Software,false,,
Costco Wholesale Corp,COST,Retail,false,,
Bechtle AG,,Technology Distribution,false,,
METRO AG,,Retail,false,,
DCC PLC,,Conglomerate / Holding Company,false,,
VSTECS Holdings Ltd,,Technology Distribution,false,,
AcBel Polytech Inc,,Electrical Equipment,false,,
Tripod Technology Corp,,Technology Hardware,false,,
Nan Juen International Co Ltd,,Technology Hardware,false,,
FineTek Co Ltd,,Technology Hardware,false,,
Shenzhen FRD Science & Technology,,Technology Hardware,false,,
SMS InfoComm Technology Services & Management,,IT Services,false,,
ICT Service Management Solutions India,,IT Services,false,,
HAWE Telekom Sp zoo,,Telecommunications,false,,
Digital Realty Trust Inc,,Real Estate,false,,
Oracle Financial Services Software,,Software,false,,
Ciena Corp,CIEN,Technology Hardware,false,,
Bloom Energy Corp,,Electrical Equipment,false,,
Applied Optoelectronics Inc,,Electronic Components,false,,
Digital Core REIT Management P,,Real Estate,false,,
Bel Fuse Inc,,Electronic Components,false,,
Sri Lanka Telecom PLC,,Telecommunications,false,,
DTE Energy Co,,Utilities,false,,
King Slide Works Co Ltd,,Technology Hardware,false,,
Commvault Systems Inc,,Software,false,,
Solteq Oyj,,IT Services,false,,
Accenture PLC,,IT Services,false,,
CVS Health Corp,,Healthcare Services,false,,
UnitedHealth Group Inc,,Healthcare Services,false,,
Oracle Corp Japan,,Software,false,,
Valero Energy Corp,VLO,Oil & Gas,false,,
PetroChina Co Ltd,,Oil & Gas,false,,
Tata Consultancy Services Ltd,,IT Services,false,,
Humana Inc,,Healthcare Services,false,,
Tesco PLC,,Retail,false,,
JPMorgan Chase & Co,,Financial Services,false,,
Deutsche Post AG,,Logistics,false,,
Toyota Motor Corp,,Automobiles,false,,
Mitsui & Co Ltd,,Conglomerate / Holding Company,false,,
Bank of America Corp,,Financial Services,false,,
Orange SA,,Telecommunications,false,,
